{"cameraMode":{"drawMode":0,"name":"Shaded","section":"Shading Mode"},"sceneLighting":true,"audioPlay":false,"sceneViewState":{"m_AlwaysRefresh":false,"showFog":true,"showSkybox":true,"showFlares":true,"showImageEffects":true,"showParticleSystems":true,"showVisualEffectGraphs":true,"m_FxEnabled":true},"in2DMode":false,"pivot":{"x":-5.165232181549072,"y":15.423495292663575,"z":1.5319709777832032},"rotation":{"x":0.213810995221138,"y":-0.04335974156856537,"z":-0.009500103071331978,"w":-0.9758664965629578},"size":20.005741119384767,"orthographic":false}